name,username,email,password
Adam White,adam.white,adam.white.wiz@gmail.com,Arc982
Alex Woods,alex.woods,alex.woods.wiz@gmail.com,Edge872
Andrew Cooper,andrew.cooper,andrew.cooper.wiz@gmail.com,Rush676
Anna Nelson,anna.nelson,anna.nelson.wiz@gmail.com,Rush473
Ashley Murphy,ashley.murphy,ashly.murphy.wiz@gmail.com,Opal245
Bella Cameron,bella.cameron,bella.cameron.wiz@gmail.com,Wren745
Ben Arthur,ben_arthur,ben.arthur.wiz@gmail.com,Gem532
Ben Kamel,ben.camel,ben.camel.wiz@gmail.com,Wolf588
Blake Hunter,blake.hunter,blake.hunter.wiz@gmail.com,Urn919
Brodie Armin,brodie.armin,brodie.armin.wiz@gmail.com,Rush113
Caroline Richards,caroline.richards,caroline.richards.wiz@gmail.com,Sun865
Celine Dami,celine.dami,celine.dami.wiz@gmail.com,Reef848
Chris Johnson,chris.johnson,chris.johnson.wiz@gmail.com,Bear452
Coby Jones,cobe.jones,cobe.jones.wiz@gmail.com,Apex511
Daisy Parker,daisy.parker,daisy.parker.wiz@gmail.com,Urn825
David Green,david.green,david.green.wiz@gmail.com,Sage977
Demon Smith,demon.smith,demon.smith.wiz@gmail.com,Tide195
Dexter Lane,dexter.lane,dexter.lane.wiz@gmail.com,Star999
Donna Bell,donna.bell,donna.bell.wiz@gmail.com,Opal886
Eva Christian,eva.christian,eva.christian.wiz@gmail.com,Ace253
Frank Clarkson,frank.clarkson,frank.clarkson.wiz@gmail.com,Nile837
Grace Smith,grace.smith,grace.smith.wiz@gmail.com,Ink629
Grant Holden,grant.holden,grant.holden.wiz@gmail.com,Star927
Haley Roberson,haley.roberson,haley.roberson.wiz@gmail.com,Jade493
Hazel White,hazel.white,hazel.white.wiz@gmail.com,Wren381
Heaven Davis,heaven.davis,HEAVEN.DAVIS.WIZ@gmail.com,Haze708
Hope Smith,hope.smith,hope.smith.wiz@gmail.com,Cap861
Ian Strange,ian.strange,ianstraange@gmail.com,Crest120
Iris Brown,iris.brown,iris.brown.wiz@gmail.com,Hue153
Ivy Bennett,ivy.bennett,ivy.bennett.wiz@gmail.com,Vale322
Jack Ethan,jack.ethan,jack.ethann.wiz@gmail.com,Reef748
Jane,jane,jana.cooper.wiz@gmail.com,Fern788
Jane White,jane.white,jane.white.wizz@gmail.com,Sky140
Jasmine Arthur,jasmine.arthur,jasmine.arthur.wiz@gmail.com,Knot141
Jasmine Green,jasmine.green,jasmine.green.wiz@gmail.com,Ray129
Jason Foster,jason.foster,jason.foster.wiz@gmail.com,Edge109
Jeremy Wilson,jeremy.welson,jeremy.welson.wiz@gmail.com,Frost719
Jessie Moore,jessie.moore,jessie.moore.wiz@gmail.com,Haze789
Jimmy,jimmy,jimmy.pearson.wiz@gmail.com,Reef227
Joey Milner,joey.milner,joey.milner.wiz@gmail.com,Orb426
John Williams,john.williams,john.williams.wiz@gmail.com,Oak938
Jordan Kelly,jordan.kelly,jordan.kelly00.wiz@gmail.com,Moss485
Joseph Brown,joseph.brown,joseph.brown.wiz@gmail.com,Jade978
Josh Adams,josh.adams,josh.adams.wiz@gmail.com,Star854
Jules Brown,jules.brown,jules.brown.wiz@gmail.com,Rush979
Karen Jackson,karen.jackson,karenjacksonwiz@gmail.com,Bear835
Katherine Adams,katherine.adams,katherine.adams.wiz@gmail.com,Edge371
Laura Miller,laura.miller,laura.miller.wiz@gmail.com,Jade177
Leon Smith,leon.smith,leon.smith.wiz@gmail.com,Wolf623
Liz Fox,lizfoxwiz97,lizfoxwiz97@gmail.com,Nord987
Lori Anderson,lori.anderson,lori.anderson.wiz@gmail.com,Bolt599
Luke Grant,luke.grant,luke.grant.wiz@gmail.com,Vale706
Maddy Snow,maddy.snow,maddy.snow.wiz@gmail.com,Bay932
Marcy Miller,marcy.miller,marcy.miller.wiz@gmail.com,Sage839
Mary Smith,mary.miller,mary.miller.wiz@gmail.com,Ice309
Matt Walter,matt.walter,matt.walter.wiz@gmail.com,Oak486
Mavis Miller,mavis.miller,mavis.miller.wiz@gmail.com,Gem126
Melanie Brown,melanie.brown,melanie.brown.wiz@gmail.com,Lark700
Mia Cooper,mia.cooper,mia.cooper.wiz@gmail.com,Vale862
Michael Morgan,michael.morgan,michael.morgan.wiz@gmail.com,Isle869
Mike Woods,mike.woods,mike.woods.wiz@gmail.com,Gust771
Monika Miller,monika.miller,monika.miller.wiz@gmail.com,Vale114
Natalie Wilson,natalie.wilson,natalie.wilson.wiz@gmail.com,Knot500
Nora Atkins,nora.atkins,nora.atkins.wiz@gmail.com,Ice633
Norman Clarke,norman.clarke,norman.clarke.wiz@gmail.com,Key375
Nova Grace,nova.grace,nova.grace.wiz@gmail.com,Knot335
Olivia Black,olivia.black,olivia.black.wiz@gmail.com,Jay718
Oscar Kamel,oscar.kamel,oscar.kamel.wiz@gmail.com,Gem962
Peter Smith,peter.smith,peter.smith.wiz@gmail.com,Ace485
Phoebe Brown,phoebe.brown,phoebe.brown.wiz@gmail.com,Jet561
Ray Parker,ray.parker,ray.parker.wiz@gmail.com,Jade540
Rick Nelson,rickk.nelson,rickk.nelson.wiz@gmail.com,Glen585
Riley Miller,riley.miller,riley.miller.wiz@gmail.com,Jay997
Roben Neves,roben.neves,roben.neves.wiz@gmail.com,Quill521
Rose Simon,rose.simon,rose.simon.wiz@gmail.com,Knot307
Russ Dami,russ.dami,russ.dami.wiz@gmail.com,Isle868
Sam Richards,sam.richards,sam.richards.wiz@gmail.com,Sky366
Selene,selene,selene.myles.wiz@gmail.com,Star425
Steve Winchester,steve.winchester,STEVE.WINCHESTER.WIZ@gmail.com,Gust565
Steven Adams,steven.adams,steven.adams.wiz@gmail.com,Frost160
Stewart Martin,stewart.martin,stewart.martin.wiz@gmail.com,Isle825
Thomas Smith,thomas.smith,thomas.smith.wiz@gmail.com,Star960
Tim Miller,tim.miller,tim.miller.wiz@gmail.com,Hue565
Tony Smith,tonny.smith,tonny.smith.wiz@gmail.com,Bolt798
William White,william.white,william.white.wiz@gmail.com,Bay614
